MMSI,NAME,PHRF ToD,PHRF ToT,ORC Certificate ID,ORC RefNo
338325857,BIGSANDWICH,,,,
338407934,AVIATO,,75,,
338413878,HABIRU,15,,230664,045600040HR
338441051,CHRISTOPHER DRAGON XII,,,230712,045600040JA
338446443,VELOCITA,,75,,
338477707,SURFACE TENSION,44,,216246,04560003JE5
338480651,DELLA AURORA,,,229903,04560003WQ1
338490231,TOUCH OF GREY,,,221630,04560003ONH
338519394,SILVER LINING,,57,,
338538871,SKYFALL,,108,,
367000140,SAMUEL I NEWHOUSE,,,,
367791550,FLYER,,,,
368057260,RUMBA,,,216510,04560003JND
368075770,RIKKI,,,226630,04560003TJP
368228860,EAGLE,,,230278,0456000404P
368365260,ASSARAIN IV,24,,229873,04560003WP3
368402520,IMAGINE,,,228547,04560003VEM